{"cameraMode":{"drawMode":0,"name":"Shaded","section":"Shading Mode"},"sceneLighting":false,"audioPlay":false,"sceneViewState":{"m_AlwaysRefresh":false,"showFog":true,"showSkybox":false,"showFlares":true,"showImageEffects":true,"showParticleSystems":true,"showVisualEffectGraphs":true,"m_FxEnabled":true},"in2DMode":false,"pivot":{"x":-4.918997764587402,"y":0.3500000238418579,"z":0.0735025405883789},"rotation":{"x":0.009657282382249833,"y":0.9907181262969971,"z":-0.0932452455163002,"w":0.09596963226795197},"size":0.5981290936470032,"orthographic":true}